Product code,Station number,Year,Month,Monthly Precipitation Total (millimetres),Quality
IDCJAC0001,66006,1885,1,87,Y
IDCJAC0001,66006,1885,2,29,Y
IDCJAC0001,66006,1885,3,52.1,Y
IDCJAC0001,66006,1885,4,36.1,Y
IDCJAC0001,66006,1885,5,4.1,Y
IDCJAC0001,66006,1885,6,414.5,Y
IDCJAC0001,66006,1885,7,191,Y
IDCJAC0001,66006,1885,8,0,Y
IDCJAC0001,66006,1885,9,11.4,Y
IDCJAC0001,66006,1885,10,6.6,Y
IDCJAC0001,66006,1885,11,12.4,Y
IDCJAC0001,66006,1885,12,94.9,Y
IDCJAC0001,66006,1886,1,66.1,Y
IDCJAC0001,66006,1886,2,12.7,Y
IDCJAC0001,66006,1886,3,127.4,Y
IDCJAC0001,66006,1886,4,84.2,Y
IDCJAC0001,66006,1886,5,60.2,Y
IDCJAC0001,66006,1886,6,39,Y
IDCJAC0001,66006,1886,7,137.1,Y
IDCJAC0001,66006,1886,8,49.9,Y
IDCJAC0001,66006,1886,9,6.6,Y
IDCJAC0001,66006,1886,10,101.1,Y
IDCJAC0001,66006,1886,11,107,Y
IDCJAC0001,66006,1886,12,78.8,Y
IDCJAC0001,66006,1887,1,153.8,Y
IDCJAC0001,66006,1887,2,114.8,Y
IDCJAC0001,66006,1887,3,65.9,Y
IDCJAC0001,66006,1887,4,207.2,Y
IDCJAC0001,66006,1887,5,261,Y
IDCJAC0001,66006,1887,6,140.4,Y
IDCJAC0001,66006,1887,7,90.2,Y
IDCJAC0001,66006,1887,8,183.3,Y
IDCJAC0001,66006,1887,9,33.3,Y
IDCJAC0001,66006,1887,10,9.1,Y
IDCJAC0001,66006,1887,11,128.4,Y
IDCJAC0001,66006,1887,12,139.4,Y
IDCJAC0001,66006,1888,1,0,Y
IDCJAC0001,66006,1888,2,74.6,Y
IDCJAC0001,66006,1888,3,2.5,Y
IDCJAC0001,66006,1888,4,0.5,Y
IDCJAC0001,66006,1888,5,11,Y
IDCJAC0001,66006,1888,6,41.5,Y
IDCJAC0001,66006,1888,7,72.9,Y
IDCJAC0001,66006,1888,8,51.1,Y
IDCJAC0001,66006,1888,9,64.4,Y
IDCJAC0001,66006,1888,10,26.1,Y
IDCJAC0001,66006,1888,11,8.6,Y
IDCJAC0001,66006,1888,12,199.1,Y
IDCJAC0001,66006,1889,1,43.3,Y
IDCJAC0001,66006,1889,2,57.1,Y
IDCJAC0001,66006,1889,3,24.2,Y
IDCJAC0001,66006,1889,4,86.8,Y
IDCJAC0001,66006,1889,5,521.9,Y
IDCJAC0001,66006,1889,6,28.3,Y
IDCJAC0001,66006,1889,7,238.4,Y
IDCJAC0001,66006,1889,8,113.4,Y
IDCJAC0001,66006,1889,9,99.8,Y
IDCJAC0001,66006,1889,10,15,Y
IDCJAC0001,66006,1889,11,130.7,Y
IDCJAC0001,66006,1889,12,54.7,Y
IDCJAC0001,66006,1890,1,139.3,Y
IDCJAC0001,66006,1890,2,468.3,Y
IDCJAC0001,66006,1890,3,424.7,Y
IDCJAC0001,66006,1890,4,71.8,Y
IDCJAC0001,66006,1890,5,216.7,Y
IDCJAC0001,66006,1890,6,288.3,Y
IDCJAC0001,66006,1890,7,229.7,Y
IDCJAC0001,66006,1890,8,37.6,Y
IDCJAC0001,66006,1890,9,63.5,Y
IDCJAC0001,66006,1890,10,45.4,Y
IDCJAC0001,66006,1890,11,120.7,Y
IDCJAC0001,66006,1890,12,62,Y
IDCJAC0001,66006,1891,1,102.7,Y
IDCJAC0001,66006,1891,2,69.5,Y
IDCJAC0001,66006,1891,3,251,Y
IDCJAC0001,66006,1891,4,143.4,Y
IDCJAC0001,66006,1891,5,91.5,Y
IDCJAC0001,66006,1891,6,426,Y
IDCJAC0001,66006,1891,7,107.7,Y
IDCJAC0001,66006,1891,8,92.5,Y
IDCJAC0001,66006,1891,9,165.8,Y
IDCJAC0001,66006,1891,10,48.1,Y
IDCJAC0001,66006,1891,11,85.2,Y
IDCJAC0001,66006,1891,12,23.6,Y
IDCJAC0001,66006,1892,1,136.9,Y
IDCJAC0001,66006,1892,2,116.1,Y
IDCJAC0001,66006,1892,3,481.9,Y
IDCJAC0001,66006,1892,4,98.6,Y
IDCJAC0001,66006,1892,5,81.2,Y
IDCJAC0001,66006,1892,6,55.3,Y
IDCJAC0001,66006,1892,7,110,Y
IDCJAC0001,66006,1892,8,133.6,Y
IDCJAC0001,66006,1892,9,181.1,Y
IDCJAC0001,66006,1892,10,132.3,Y
IDCJAC0001,66006,1892,11,72,Y
IDCJAC0001,66006,1892,12,165.8,Y
IDCJAC0001,66006,1893,1,95.1,Y
IDCJAC0001,66006,1893,2,81.6,Y
IDCJAC0001,66006,1893,3,275.5,Y
IDCJAC0001,66006,1893,4,190.8,Y
IDCJAC0001,66006,1893,5,43.9,Y
IDCJAC0001,66006,1893,6,198.8,Y
IDCJAC0001,66006,1893,7,135.6,Y
IDCJAC0001,66006,1893,8,76.1,Y
IDCJAC0001,66006,1893,9,39.6,Y
IDCJAC0001,66006,1893,10,119.2,Y
IDCJAC0001,66006,1893,11,115.4,Y
IDCJAC0001,66006,1893,12,44.6,Y
IDCJAC0001,66006,1894,1,40.3,Y
IDCJAC0001,66006,1894,2,180.8,Y
IDCJAC0001,66006,1894,3,340.7,Y
IDCJAC0001,66006,1894,4,100.3,Y
IDCJAC0001,66006,1894,5,32.8,Y
IDCJAC0001,66006,1894,6,41.7,Y
IDCJAC0001,66006,1894,7,57,Y
IDCJAC0001,66006,1894,8,39.9,Y
IDCJAC0001,66006,1894,9,176.2,Y
IDCJAC0001,66006,1894,10,69.8,Y
IDCJAC0001,66006,1894,11,10.4,Y
IDCJAC0001,66006,1894,12,99.6,Y
IDCJAC0001,66006,1895,1,220.6,Y
IDCJAC0001,66006,1895,2,204.7,Y
IDCJAC0001,66006,1895,3,37.8,Y
IDCJAC0001,66006,1895,4,76.1,Y
IDCJAC0001,66006,1895,5,66.8,Y
IDCJAC0001,66006,1895,6,31.4,Y
IDCJAC0001,66006,1895,7,10.7,Y
IDCJAC0001,66006,1895,8,15.1,Y
IDCJAC0001,66006,1895,9,110.2,Y
IDCJAC0001,66006,1895,10,24.6,Y
IDCJAC0001,66006,1895,11,76.3,Y
IDCJAC0001,66006,1895,12,86.4,Y
IDCJAC0001,66006,1896,1,42.9,Y
IDCJAC0001,66006,1896,2,120.9,Y
IDCJAC0001,66006,1896,3,102.4,Y
IDCJAC0001,66006,1896,4,3.3,Y
IDCJAC0001,66006,1896,5,99.6,Y
IDCJAC0001,66006,1896,6,269,Y
IDCJAC0001,66006,1896,7,51.3,Y
IDCJAC0001,66006,1896,8,39.9,Y
IDCJAC0001,66006,1896,9,7.9,Y
IDCJAC0001,66006,1896,10,50.8,Y
IDCJAC0001,66006,1896,11,136.4,Y
IDCJAC0001,66006,1896,12,43.2,Y
IDCJAC0001,66006,1897,1,32.3,Y
IDCJAC0001,66006,1897,2,8.9,Y
IDCJAC0001,66006,1897,3,98,Y
IDCJAC0001,66006,1897,4,163.8,Y
IDCJAC0001,66006,1897,5,87.6,Y
IDCJAC0001,66006,1897,6,205.7,Y
IDCJAC0001,66006,1897,7,157.2,Y
IDCJAC0001,66006,1897,8,115.8,Y
IDCJAC0001,66006,1897,9,30.7,Y
IDCJAC0001,66006,1897,10,30.7,Y
IDCJAC0001,66006,1897,11,4.1,Y
IDCJAC0001,66006,1897,12,135.4,Y
IDCJAC0001,66006,1898,1,139.7,Y
IDCJAC0001,66006,1898,2,116.3,Y
IDCJAC0001,66006,1898,3,41.4,Y
IDCJAC0001,66006,1898,4,12.4,Y
IDCJAC0001,66006,1898,5,313.4,Y
IDCJAC0001,66006,1898,6,167.9,Y
IDCJAC0001,66006,1898,7,74.7,Y
IDCJAC0001,66006,1898,8,130.8,Y
IDCJAC0001,66006,1898,9,30.5,Y
IDCJAC0001,66006,1898,10,97.5,Y
IDCJAC0001,66006,1898,11,11.9,Y
IDCJAC0001,66006,1898,12,26.4,Y
IDCJAC0001,66006,1899,1,52.8,Y
IDCJAC0001,66006,1899,2,30.7,Y
IDCJAC0001,66006,1899,3,73.7,Y
IDCJAC0001,66006,1899,4,86.1,Y
IDCJAC0001,66006,1899,5,162.1,Y
IDCJAC0001,66006,1899,6,287.5,Y
IDCJAC0001,66006,1899,7,102.6,Y
IDCJAC0001,66006,1899,8,373.9,Y
IDCJAC0001,66006,1899,9,0,Y
IDCJAC0001,66006,1899,10,90.2,Y
IDCJAC0001,66006,1899,11,131.1,Y
IDCJAC0001,66006,1899,12,20.3,Y
IDCJAC0001,66006,1900,1,43.7,Y
IDCJAC0001,66006,1900,2,39.1,Y
IDCJAC0001,66006,1900,3,109.2,Y
IDCJAC0001,66006,1900,4,151.9,Y
IDCJAC0001,66006,1900,5,319,Y
IDCJAC0001,66006,1900,6,282.7,Y
IDCJAC0001,66006,1900,7,326.9,Y
IDCJAC0001,66006,1900,8,12.4,Y
IDCJAC0001,66006,1900,9,64.8,Y
IDCJAC0001,66006,1900,10,2.5,Y
IDCJAC0001,66006,1900,11,187.7,Y
IDCJAC0001,66006,1900,12,44.5,Y
IDCJAC0001,66006,1901,1,161.5,Y
IDCJAC0001,66006,1901,2,37.8,Y
IDCJAC0001,66006,1901,3,83.6,Y
IDCJAC0001,66006,1901,4,356.6,Y
IDCJAC0001,66006,1901,5,46.5,Y
IDCJAC0001,66006,1901,6,23.6,Y
IDCJAC0001,66006,1901,7,101.3,Y
IDCJAC0001,66006,1901,8,109.5,Y
IDCJAC0001,66006,1901,9,73.7,Y
IDCJAC0001,66006,1901,10,45.7,Y
IDCJAC0001,66006,1901,11,17.3,Y
IDCJAC0001,66006,1901,12,8.6,Y
IDCJAC0001,66006,1902,1,58.4,Y
IDCJAC0001,66006,1902,2,7.6,Y
IDCJAC0001,66006,1902,3,52.6,Y
IDCJAC0001,66006,1902,4,64.3,Y
IDCJAC0001,66006,1902,5,34,Y
IDCJAC0001,66006,1902,6,22.9,Y
IDCJAC0001,66006,1902,7,284.5,Y
IDCJAC0001,66006,1902,8,163.6,Y
IDCJAC0001,66006,1902,9,49.8,Y
IDCJAC0001,66006,1902,10,268.7,Y
IDCJAC0001,66006,1902,11,72.6,Y
IDCJAC0001,66006,1902,12,63.5,Y
IDCJAC0001,66006,1903,1,49,Y
IDCJAC0001,66006,1903,2,26.2,Y
IDCJAC0001,66006,1903,3,93.2,Y
IDCJAC0001,66006,1903,4,45.5,Y
IDCJAC0001,66006,1903,5,80.5,Y
IDCJAC0001,66006,1903,6,47.5,Y
IDCJAC0001,66006,1903,7,120.4,Y
IDCJAC0001,66006,1903,8,143,Y
IDCJAC0001,66006,1903,9,126.7,Y
IDCJAC0001,66006,1903,10,94.7,Y
IDCJAC0001,66006,1903,11,61,Y
IDCJAC0001,66006,1903,12,101.6,Y
IDCJAC0001,66006,1904,1,48.8,Y
IDCJAC0001,66006,1904,2,98.6,Y
IDCJAC0001,66006,1904,3,132.3,Y
IDCJAC0001,66006,1904,4,332.5,Y
IDCJAC0001,66006,1904,5,146.3,Y
IDCJAC0001,66006,1904,6,4.6,Y
IDCJAC0001,66006,1904,7,274.8,Y
IDCJAC0001,66006,1904,8,37.3,Y
IDCJAC0001,66006,1904,9,27.4,Y
IDCJAC0001,66006,1904,10,62.7,Y
IDCJAC0001,66006,1904,11,12.4,Y
IDCJAC0001,66006,1904,12,21.3,Y
IDCJAC0001,66006,1905,1,43.2,Y
IDCJAC0001,66006,1905,2,52.3,Y
IDCJAC0001,66006,1905,3,204,Y
IDCJAC0001,66006,1905,4,141.2,Y
IDCJAC0001,66006,1905,5,143.3,Y
IDCJAC0001,66006,1905,6,58.2,Y
IDCJAC0001,66006,1905,7,11.4,Y
IDCJAC0001,66006,1905,8,17.8,Y
IDCJAC0001,66006,1905,9,69.3,Y
IDCJAC0001,66006,1905,10,64,Y
IDCJAC0001,66006,1905,11,9.9,Y
IDCJAC0001,66006,1905,12,42.9,Y
IDCJAC0001,66006,1906,1,58.4,Y
IDCJAC0001,66006,1906,2,9.7,Y
IDCJAC0001,66006,1906,3,99.3,Y
IDCJAC0001,66006,1906,4,23.9,Y
IDCJAC0001,66006,1906,5,213.6,Y
IDCJAC0001,66006,1906,6,54.9,Y
IDCJAC0001,66006,1906,7,5.6,Y
IDCJAC0001,66006,1906,8,131.6,Y
IDCJAC0001,66006,1906,9,33,Y
IDCJAC0001,66006,1906,10,48,Y
IDCJAC0001,66006,1906,11,109.5,Y
IDCJAC0001,66006,1906,12,33.8,Y
IDCJAC0001,66006,1907,1,66,Y
IDCJAC0001,66006,1907,2,63,Y
IDCJAC0001,66006,1907,3,203.7,Y
IDCJAC0001,66006,1907,4,35.1,Y
IDCJAC0001,66006,1907,5,38.6,Y
IDCJAC0001,66006,1907,6,254.5,Y
IDCJAC0001,66006,1907,7,11.2,Y
IDCJAC0001,66006,1907,8,7.6,Y
IDCJAC0001,66006,1907,9,7.1,Y
IDCJAC0001,66006,1907,10,14.5,Y
IDCJAC0001,66006,1907,11,52.3,Y
IDCJAC0001,66006,1907,12,45.2,Y
IDCJAC0001,66006,1908,1,43.9,Y
IDCJAC0001,66006,1908,2,182.1,Y
IDCJAC0001,66006,1908,3,70.4,Y
IDCJAC0001,66006,1908,4,73.4,Y
IDCJAC0001,66006,1908,5,67.1,Y
IDCJAC0001,66006,1908,6,25.4,Y
IDCJAC0001,66006,1908,7,290.1,Y
IDCJAC0001,66006,1908,8,243.8,Y
IDCJAC0001,66006,1908,9,75.4,Y
IDCJAC0001,66006,1908,10,38.1,Y
IDCJAC0001,66006,1908,11,16.5,Y
IDCJAC0001,66006,1908,12,31.8,Y
IDCJAC0001,66006,1909,1,32.5,Y
IDCJAC0001,66006,1909,2,202.7,Y
IDCJAC0001,66006,1909,3,34.8,Y
IDCJAC0001,66006,1909,4,34.8,Y
IDCJAC0001,66006,1909,5,30.7,Y
IDCJAC0001,66006,1909,6,117.6,Y
IDCJAC0001,66006,1909,7,22.8,Y
IDCJAC0001,66006,1909,8,56.7,Y
IDCJAC0001,66006,1909,9,132.3,Y
IDCJAC0001,66006,1909,10,66.9,Y
IDCJAC0001,66006,1909,11,23.1,Y
IDCJAC0001,66006,1909,12,86.4,Y
IDCJAC0001,66006,1910,1,128.2,Y
IDCJAC0001,66006,1910,2,11.8,Y
IDCJAC0001,66006,1910,3,184.5,Y
IDCJAC0001,66006,1910,4,94.7,Y
IDCJAC0001,66006,1910,5,68.2,Y
IDCJAC0001,66006,1910,6,78.8,Y
IDCJAC0001,66006,1910,7,225.7,Y
IDCJAC0001,66006,1910,8,5.8,Y
IDCJAC0001,66006,1910,9,53.1,Y
IDCJAC0001,66006,1910,10,84,Y
IDCJAC0001,66006,1910,11,4.9,Y
IDCJAC0001,66006,1910,12,214,Y
IDCJAC0001,66006,1911,1,369,Y
IDCJAC0001,66006,1911,2,131.9,Y
IDCJAC0001,66006,1911,3,48.6,Y
IDCJAC0001,66006,1911,4,77,Y
IDCJAC0001,66006,1911,5,40,Y
IDCJAC0001,66006,1911,6,4,Y
IDCJAC0001,66006,1911,7,188.1,Y
IDCJAC0001,66006,1911,8,202.7,Y
IDCJAC0001,66006,1911,9,47,Y
IDCJAC0001,66006,1911,10,17.9,Y
IDCJAC0001,66006,1911,11,46,Y
IDCJAC0001,66006,1911,12,70.1,Y
IDCJAC0001,66006,1912,1,31.6,Y
IDCJAC0001,66006,1912,2,162.3,Y
IDCJAC0001,66006,1912,3,219.5,Y
IDCJAC0001,66006,1912,4,121.1,Y
IDCJAC0001,66006,1912,5,84.4,Y
IDCJAC0001,66006,1912,6,58.3,Y
IDCJAC0001,66006,1912,7,286.2,Y
IDCJAC0001,66006,1912,8,46.4,Y
IDCJAC0001,66006,1912,9,11.2,Y
IDCJAC0001,66006,1912,10,25.2,Y
IDCJAC0001,66006,1912,11,80,Y
IDCJAC0001,66006,1912,12,53,Y
IDCJAC0001,66006,1913,1,20.4,Y
IDCJAC0001,66006,1913,2,38.3,Y
IDCJAC0001,66006,1913,3,207.6,Y
IDCJAC0001,66006,1913,4,243.4,Y
IDCJAC0001,66006,1913,5,416.2,Y
IDCJAC0001,66006,1913,6,278.3,Y
IDCJAC0001,66006,1913,7,194.3,Y
IDCJAC0001,66006,1913,8,1.8,Y
IDCJAC0001,66006,1913,9,35.7,Y
IDCJAC0001,66006,1913,10,26.7,Y
IDCJAC0001,66006,1913,11,16.3,Y
IDCJAC0001,66006,1913,12,5,Y
IDCJAC0001,66006,1914,1,17.8,Y
IDCJAC0001,66006,1914,2,39.6,Y
IDCJAC0001,66006,1914,3,250.2,Y
IDCJAC0001,66006,1914,4,37.1,Y
IDCJAC0001,66006,1914,5,79,Y
IDCJAC0001,66006,1914,6,153.5,Y
IDCJAC0001,66006,1914,7,228.8,Y
IDCJAC0001,66006,1914,8,58.5,Y
IDCJAC0001,66006,1914,9,161,Y
IDCJAC0001,66006,1914,10,191.6,Y
IDCJAC0001,66006,1914,11,61.8,Y
IDCJAC0001,66006,1914,12,221,Y
IDCJAC0001,66006,1915,1,34.8,Y
IDCJAC0001,66006,1915,2,35.1,Y
IDCJAC0001,66006,1915,3,82.4,Y
IDCJAC0001,66006,1915,4,309.8,Y
IDCJAC0001,66006,1915,5,141.2,Y
IDCJAC0001,66006,1915,6,42.2,Y
IDCJAC0001,66006,1915,7,146.1,Y
IDCJAC0001,66006,1915,8,31.2,Y
IDCJAC0001,66006,1915,9,42.2,Y
IDCJAC0001,66006,1915,10,24.6,Y
IDCJAC0001,66006,1915,11,1.4,Y
IDCJAC0001,66006,1915,12,85,Y
IDCJAC0001,66006,1916,1,36.9,Y
IDCJAC0001,66006,1916,2,70.3,Y
IDCJAC0001,66006,1916,3,97.4,Y
IDCJAC0001,66006,1916,4,114.8,Y
IDCJAC0001,66006,1916,5,51.9,Y
IDCJAC0001,66006,1916,6,52.1,Y
IDCJAC0001,66006,1916,7,90.6,Y
IDCJAC0001,66006,1916,8,73.1,Y
IDCJAC0001,66006,1916,9,119.3,Y
IDCJAC0001,66006,1916,10,208.9,Y
IDCJAC0001,66006,1916,11,79,Y
IDCJAC0001,66006,1916,12,81.6,Y
IDCJAC0001,66006,1917,1,76.5,Y
IDCJAC0001,66006,1917,2,160,Y
IDCJAC0001,66006,1917,3,29.8,Y
IDCJAC0001,66006,1917,4,340.9,Y
IDCJAC0001,66006,1917,5,79.6,Y
IDCJAC0001,66006,1917,6,110.7,Y
IDCJAC0001,66006,1917,7,8.9,Y
IDCJAC0001,66006,1917,8,39.7,Y
IDCJAC0001,66006,1917,9,148.6,Y
IDCJAC0001,66006,1917,10,127.7,Y
IDCJAC0001,66006,1917,11,179.4,Y
IDCJAC0001,66006,1917,12,51.6,Y
IDCJAC0001,66006,1918,1,317.5,Y
IDCJAC0001,66006,1918,2,105.7,Y
IDCJAC0001,66006,1918,3,62.4,Y
IDCJAC0001,66006,1918,4,142,Y
IDCJAC0001,66006,1918,5,13.2,Y
IDCJAC0001,66006,1918,6,12.5,Y
IDCJAC0001,66006,1918,7,217.5,Y
IDCJAC0001,66006,1918,8,63.9,Y
IDCJAC0001,66006,1918,9,90.4,Y
IDCJAC0001,66006,1918,10,19.3,Y
IDCJAC0001,66006,1918,11,34.8,Y
IDCJAC0001,66006,1918,12,26.9,Y
IDCJAC0001,66006,1919,1,48,Y
IDCJAC0001,66006,1919,2,144.6,Y
IDCJAC0001,66006,1919,3,145.5,Y
IDCJAC0001,66006,1919,4,113.6,Y
IDCJAC0001,66006,1919,5,642.1,Y
IDCJAC0001,66006,1919,6,62.3,Y
IDCJAC0001,66006,1919,7,53.5,Y
IDCJAC0001,66006,1919,8,20.1,Y
IDCJAC0001,66006,1919,9,99,Y
IDCJAC0001,66006,1919,10,105.1,Y
IDCJAC0001,66006,1919,11,89.5,Y
IDCJAC0001,66006,1919,12,73.6,Y
IDCJAC0001,66006,1920,1,183.8,Y
IDCJAC0001,66006,1920,2,44.8,Y
IDCJAC0001,66006,1920,3,42.4,Y
IDCJAC0001,66006,1920,4,62.9,Y
IDCJAC0001,66006,1920,5,9.9,Y
IDCJAC0001,66006,1920,6,62.1,Y
IDCJAC0001,66006,1920,7,153.9,Y
IDCJAC0001,66006,1920,8,32.7,Y
IDCJAC0001,66006,1920,9,26.3,Y
IDCJAC0001,66006,1920,10,43.9,Y
IDCJAC0001,66006,1920,11,46.9,Y
IDCJAC0001,66006,1920,12,403.4,Y
IDCJAC0001,66006,1921,1,80.8,Y
IDCJAC0001,66006,1921,2,20.9,Y
IDCJAC0001,66006,1921,3,86.1,Y
IDCJAC0001,66006,1921,4,152,Y
IDCJAC0001,66006,1921,5,184,Y
IDCJAC0001,66006,1921,6,24.2,Y
IDCJAC0001,66006,1921,7,198.4,Y
IDCJAC0001,66006,1921,8,30.5,Y
IDCJAC0001,66006,1921,9,73.1,Y
IDCJAC0001,66006,1921,10,82.7,Y
IDCJAC0001,66006,1921,11,71.6,Y
IDCJAC0001,66006,1921,12,134.4,Y
IDCJAC0001,66006,1922,1,182.3,Y
IDCJAC0001,66006,1922,2,56.8,Y
IDCJAC0001,66006,1922,3,49.9,Y
IDCJAC0001,66006,1922,4,38.3,Y
IDCJAC0001,66006,1922,5,106.7,Y
IDCJAC0001,66006,1922,6,43,Y
IDCJAC0001,66006,1922,7,291.4,Y
IDCJAC0001,66006,1922,8,52.4,Y
IDCJAC0001,66006,1922,9,105.9,Y
IDCJAC0001,66006,1922,10,87.7,Y
IDCJAC0001,66006,1922,11,10.9,Y
IDCJAC0001,66006,1922,12,38.4,Y
IDCJAC0001,66006,1923,1,43.2,Y
IDCJAC0001,66006,1923,2,19.5,Y
IDCJAC0001,66006,1923,3,51.8,Y
IDCJAC0001,66006,1923,4,257.2,Y
IDCJAC0001,66006,1923,5,26,Y
IDCJAC0001,66006,1923,6,102,Y
IDCJAC0001,66006,1923,7,161.2,Y
IDCJAC0001,66006,1923,8,105.8,Y
IDCJAC0001,66006,1923,9,63.7,Y
IDCJAC0001,66006,1923,10,34,Y
IDCJAC0001,66006,1923,11,41.5,Y
IDCJAC0001,66006,1923,12,35,Y
IDCJAC0001,66006,1924,1,93.7,Y
IDCJAC0001,66006,1924,2,57.8,Y
IDCJAC0001,66006,1924,3,96.5,Y
IDCJAC0001,66006,1924,4,168.7,Y
IDCJAC0001,66006,1924,5,83,Y
IDCJAC0001,66006,1924,6,50.7,Y
IDCJAC0001,66006,1924,7,41.2,Y
IDCJAC0001,66006,1924,8,65.7,Y
IDCJAC0001,66006,1924,9,74.9,Y
IDCJAC0001,66006,1924,10,32.8,Y
IDCJAC0001,66006,1924,11,82.8,Y
IDCJAC0001,66006,1924,12,66.2,Y
IDCJAC0001,66006,1925,1,114.3,Y
IDCJAC0001,66006,1925,2,48.3,Y
IDCJAC0001,66006,1925,3,68.5,Y
IDCJAC0001,66006,1925,4,54.2,Y
IDCJAC0001,66006,1925,5,536.6,Y
IDCJAC0001,66006,1925,6,171,Y
IDCJAC0001,66006,1925,7,5.4,Y
IDCJAC0001,66006,1925,8,96.7,Y
IDCJAC0001,66006,1925,9,15.7,Y
IDCJAC0001,66006,1925,10,16.6,Y
IDCJAC0001,66006,1925,11,99,Y
IDCJAC0001,66006,1925,12,30.8,Y
IDCJAC0001,66006,1926,1,89,Y
IDCJAC0001,66006,1926,2,26.2,Y
IDCJAC0001,66006,1926,3,317.6,Y
IDCJAC0001,66006,1926,4,92.3,Y
IDCJAC0001,66006,1926,5,69.4,Y
IDCJAC0001,66006,1926,6,33.2,Y
IDCJAC0001,66006,1926,7,58.4,Y
IDCJAC0001,66006,1926,8,26.7,Y
IDCJAC0001,66006,1926,9,43.3,Y
IDCJAC0001,66006,1926,10,7.6,Y
IDCJAC0001,66006,1926,11,0.5,Y
IDCJAC0001,66006,1926,12,172.2,Y
IDCJAC0001,66006,1927,1,104.2,Y
IDCJAC0001,66006,1927,2,16.5,Y
IDCJAC0001,66006,1927,3,105,Y
IDCJAC0001,66006,1927,4,455.2,Y
IDCJAC0001,66006,1927,5,54.5,Y
IDCJAC0001,66006,1927,6,112.6,Y
IDCJAC0001,66006,1927,7,8.4,Y
IDCJAC0001,66006,1927,8,7.8,Y
IDCJAC0001,66006,1927,9,75.7,Y
IDCJAC0001,66006,1927,10,91,Y
IDCJAC0001,66006,1927,11,151.7,Y
IDCJAC0001,66006,1927,12,54.5,Y
IDCJAC0001,66006,1928,1,62.4,Y
IDCJAC0001,66006,1928,2,173.4,Y
IDCJAC0001,66006,1928,3,128.6,Y
IDCJAC0001,66006,1928,4,118.2,Y
IDCJAC0001,66006,1928,5,82.1,Y
IDCJAC0001,66006,1928,6,175.3,Y
IDCJAC0001,66006,1928,7,172.5,Y
IDCJAC0001,66006,1928,8,34.8,Y
IDCJAC0001,66006,1928,9,4.6,Y
IDCJAC0001,66006,1928,10,42.9,Y
IDCJAC0001,66006,1928,11,6.8,Y
IDCJAC0001,66006,1928,12,51.1,Y
IDCJAC0001,66006,1929,1,8.4,Y
IDCJAC0001,66006,1929,2,295.7,Y
IDCJAC0001,66006,1929,3,133.7,Y
IDCJAC0001,66006,1929,4,172,Y
IDCJAC0001,66006,1929,5,253,Y
IDCJAC0001,66006,1929,6,75,Y
IDCJAC0001,66006,1929,7,79,Y
IDCJAC0001,66006,1929,8,103.5,Y
IDCJAC0001,66006,1929,9,41.4,Y
IDCJAC0001,66006,1929,10,211.1,Y
IDCJAC0001,66006,1929,11,95.2,Y
IDCJAC0001,66006,1929,12,48.8,Y
IDCJAC0001,66006,1930,1,114.6,Y
IDCJAC0001,66006,1930,2,15.9,Y
IDCJAC0001,66006,1930,3,109.5,Y
IDCJAC0001,66006,1930,4,164.6,Y
IDCJAC0001,66006,1930,5,121.8,Y
IDCJAC0001,66006,1930,6,326.3,Y
IDCJAC0001,66006,1930,7,108.2,Y
IDCJAC0001,66006,1930,8,31.1,Y
IDCJAC0001,66006,1930,9,5.4,Y
IDCJAC0001,66006,1930,10,49.1,Y
IDCJAC0001,66006,1930,11,22.5,Y
IDCJAC0001,66006,1930,12,133.4,Y
IDCJAC0001,66006,1931,1,55.9,Y
IDCJAC0001,66006,1931,2,39.4,Y
IDCJAC0001,66006,1931,3,182.2,Y
IDCJAC0001,66006,1931,4,189.8,Y
IDCJAC0001,66006,1931,5,91.4,Y
IDCJAC0001,66006,1931,6,32.2,Y
IDCJAC0001,66006,1931,7,315.8,Y
IDCJAC0001,66006,1931,8,4.8,Y
IDCJAC0001,66006,1931,9,145.8,Y
IDCJAC0001,66006,1931,10,24.7,Y
IDCJAC0001,66006,1931,11,81.8,Y
IDCJAC0001,66006,1931,12,93.4,Y
IDCJAC0001,66006,1932,1,5.1,Y
IDCJAC0001,66006,1932,2,119.3,Y
IDCJAC0001,66006,1932,3,78.4,Y
IDCJAC0001,66006,1932,4,97.1,Y
IDCJAC0001,66006,1932,5,54.5,Y
IDCJAC0001,66006,1932,6,30.1,Y
IDCJAC0001,66006,1932,7,80.2,Y
IDCJAC0001,66006,1932,8,55.4,Y
IDCJAC0001,66006,1932,9,228.7,Y
IDCJAC0001,66006,1932,10,23.5,Y
IDCJAC0001,66006,1932,11,95.1,Y
IDCJAC0001,66006,1932,12,106.7,Y
IDCJAC0001,66006,1933,1,189.1,Y
IDCJAC0001,66006,1933,2,10,Y
IDCJAC0001,66006,1933,3,58.6,Y
IDCJAC0001,66006,1933,4,191.3,Y
IDCJAC0001,66006,1933,5,138.5,Y
IDCJAC0001,66006,1933,6,51.8,Y
IDCJAC0001,66006,1933,7,83.4,Y
IDCJAC0001,66006,1933,8,8.2,Y
IDCJAC0001,66006,1933,9,68,Y
IDCJAC0001,66006,1933,10,105.2,Y
IDCJAC0001,66006,1933,11,114.1,Y
IDCJAC0001,66006,1933,12,81.3,Y
IDCJAC0001,66006,1934,1,58.6,Y
IDCJAC0001,66006,1934,2,207.2,Y
IDCJAC0001,66006,1934,3,51.8,Y
IDCJAC0001,66006,1934,4,224.5,Y
IDCJAC0001,66006,1934,5,141.5,Y
IDCJAC0001,66006,1934,6,114,Y
IDCJAC0001,66006,1934,7,261.2,Y
IDCJAC0001,66006,1934,8,157,Y
IDCJAC0001,66006,1934,9,174.9,Y
IDCJAC0001,66006,1934,10,51.1,Y
IDCJAC0001,66006,1934,11,112.8,Y
IDCJAC0001,66006,1934,12,159.1,Y
IDCJAC0001,66006,1935,1,75.2,Y
IDCJAC0001,66006,1935,2,81.7,Y
IDCJAC0001,66006,1935,3,72.5,Y
IDCJAC0001,66006,1935,4,24.7,Y
IDCJAC0001,66006,1935,5,57.6,Y
IDCJAC0001,66006,1935,6,120.1,Y
IDCJAC0001,66006,1935,7,34.1,Y
IDCJAC0001,66006,1935,8,5.3,Y
IDCJAC0001,66006,1935,9,63.5,Y
IDCJAC0001,66006,1935,10,86,Y
IDCJAC0001,66006,1935,11,60,Y
IDCJAC0001,66006,1935,12,110.2,Y
IDCJAC0001,66006,1936,1,98.6,Y
IDCJAC0001,66006,1936,2,120.6,Y
IDCJAC0001,66006,1936,3,92.9,Y
IDCJAC0001,66006,1936,4,46.7,Y
IDCJAC0001,66006,1936,5,55.8,Y
IDCJAC0001,66006,1936,6,75.4,Y
IDCJAC0001,66006,1936,7,21.8,Y
IDCJAC0001,66006,1936,8,35.5,Y
IDCJAC0001,66006,1936,9,36.9,Y
IDCJAC0001,66006,1936,10,20.5,Y
IDCJAC0001,66006,1936,11,6.4,Y
IDCJAC0001,66006,1936,12,140.1,Y
IDCJAC0001,66006,1937,1,54.2,Y
IDCJAC0001,66006,1937,2,31.9,Y
IDCJAC0001,66006,1937,3,254.5,Y
IDCJAC0001,66006,1937,4,157,Y
IDCJAC0001,66006,1937,5,19.8,Y
IDCJAC0001,66006,1937,6,404.6,Y
IDCJAC0001,66006,1937,7,81.4,Y
IDCJAC0001,66006,1937,8,107.8,Y
IDCJAC0001,66006,1937,9,12.7,Y
IDCJAC0001,66006,1937,10,85.5,Y
IDCJAC0001,66006,1937,11,103.4,Y
IDCJAC0001,66006,1937,12,57.8,Y
IDCJAC0001,66006,1938,1,257.7,Y
IDCJAC0001,66006,1938,2,105.8,Y
IDCJAC0001,66006,1938,3,31.5,Y
IDCJAC0001,66006,1938,4,70.6,Y
IDCJAC0001,66006,1938,5,94.1,Y
IDCJAC0001,66006,1938,6,11.8,Y
IDCJAC0001,66006,1938,7,77.7,Y
IDCJAC0001,66006,1938,8,217.2,Y
IDCJAC0001,66006,1938,9,50.4,Y
IDCJAC0001,66006,1938,10,73.1,Y
IDCJAC0001,66006,1938,11,38.9,Y
IDCJAC0001,66006,1938,12,10.9,Y
IDCJAC0001,66006,1939,1,76.5,Y
IDCJAC0001,66006,1939,2,2,Y
IDCJAC0001,66006,1939,3,265.8,Y
IDCJAC0001,66006,1939,4,107.5,Y
IDCJAC0001,66006,1939,5,90,Y
IDCJAC0001,66006,1939,6,19.7,Y
IDCJAC0001,66006,1939,7,34.6,Y
IDCJAC0001,66006,1939,8,63.3,Y
IDCJAC0001,66006,1939,9,69.3,Y
IDCJAC0001,66006,1939,10,50.1,Y
IDCJAC0001,66006,1939,11,53.2,Y
IDCJAC0001,66006,1939,12,19.8,Y
IDCJAC0001,66006,1940,1,8.9,Y
IDCJAC0001,66006,1940,2,18.2,Y
IDCJAC0001,66006,1940,3,13.3,Y
IDCJAC0001,66006,1940,4,159.9,Y
IDCJAC0001,66006,1940,5,153.8,Y
IDCJAC0001,66006,1940,6,40.7,Y
IDCJAC0001,66006,1940,7,99.9,Y
IDCJAC0001,66006,1940,8,76.4,Y
IDCJAC0001,66006,1940,9,71.4,Y
IDCJAC0001,66006,1940,10,56.1,Y
IDCJAC0001,66006,1940,11,62.1,Y
IDCJAC0001,66006,1940,12,159.5,Y
IDCJAC0001,66006,1941,1,99.9,Y
IDCJAC0001,66006,1941,2,54.8,Y
IDCJAC0001,66006,1941,3,40.5,Y
IDCJAC0001,66006,1941,4,82.6,Y
IDCJAC0001,66006,1941,5,55,Y
IDCJAC0001,66006,1941,6,53.2,Y
IDCJAC0001,66006,1941,7,44.5,Y
IDCJAC0001,66006,1941,8,75.7,Y
IDCJAC0001,66006,1941,9,51.6,Y
IDCJAC0001,66006,1941,10,51.3,Y
IDCJAC0001,66006,1941,11,29.1,Y
IDCJAC0001,66006,1941,12,25.9,Y
IDCJAC0001,66006,1942,1,8.1,Y
IDCJAC0001,66006,1942,2,35.3,Y
IDCJAC0001,66006,1942,3,520.9,Y
IDCJAC0001,66006,1942,4,13.9,Y
IDCJAC0001,66006,1942,5,40.6,Y
IDCJAC0001,66006,1942,6,136.1,Y
IDCJAC0001,66006,1942,7,55.7,Y
IDCJAC0001,66006,1942,8,27.7,Y
IDCJAC0001,66006,1942,9,17.8,Y
IDCJAC0001,66006,1942,10,152.6,Y
IDCJAC0001,66006,1942,11,132.6,Y
IDCJAC0001,66006,1942,12,98,Y
IDCJAC0001,66006,1943,1,50.1,Y
IDCJAC0001,66006,1943,2,12.9,Y
IDCJAC0001,66006,1943,3,29.1,Y
IDCJAC0001,66006,1943,4,38.5,Y
IDCJAC0001,66006,1943,5,367.1,Y
IDCJAC0001,66006,1943,6,10.6,Y
IDCJAC0001,66006,1943,7,5.9,Y
IDCJAC0001,66006,1943,8,189.4,Y
IDCJAC0001,66006,1943,9,211.1,Y
IDCJAC0001,66006,1943,10,41.7,Y
IDCJAC0001,66006,1943,11,211,Y
IDCJAC0001,66006,1943,12,81.2,Y
IDCJAC0001,66006,1944,1,72.9,Y
IDCJAC0001,66006,1944,2,92.9,Y
IDCJAC0001,66006,1944,3,109.4,Y
IDCJAC0001,66006,1944,4,69.7,Y
IDCJAC0001,66006,1944,5,99.4,Y
IDCJAC0001,66006,1944,6,53.1,Y
IDCJAC0001,66006,1944,7,79,Y
IDCJAC0001,66006,1944,8,109.3,Y
IDCJAC0001,66006,1944,9,23.3,Y
IDCJAC0001,66006,1944,10,27.2,Y
IDCJAC0001,66006,1944,11,15.8,Y
IDCJAC0001,66006,1944,12,20.3,Y
IDCJAC0001,66006,1945,1,58.1,Y
IDCJAC0001,66006,1945,2,43,Y
IDCJAC0001,66006,1945,3,34.5,Y
IDCJAC0001,66006,1945,4,324.3,Y
IDCJAC0001,66006,1945,5,185.6,Y
IDCJAC0001,66006,1945,6,202.3,Y
IDCJAC0001,66006,1945,7,79.2,Y
IDCJAC0001,66006,1945,8,57.4,Y
IDCJAC0001,66006,1945,9,6.1,Y
IDCJAC0001,66006,1945,10,35.8,Y
IDCJAC0001,66006,1945,11,51.9,Y
IDCJAC0001,66006,1945,12,38.7,Y
IDCJAC0001,66006,1946,1,14.2,Y
IDCJAC0001,66006,1946,2,74,Y
IDCJAC0001,66006,1946,3,97.3,Y
IDCJAC0001,66006,1946,4,260.2,Y
IDCJAC0001,66006,1946,5,63.2,Y
IDCJAC0001,66006,1946,6,171.7,Y
IDCJAC0001,66006,1946,7,1.5,Y
IDCJAC0001,66006,1946,8,5.8,Y
IDCJAC0001,66006,1946,9,25.3,Y
IDCJAC0001,66006,1946,10,63.5,Y
IDCJAC0001,66006,1946,11,87.4,Y
IDCJAC0001,66006,1946,12,18.6,Y
IDCJAC0001,66006,1947,1,40.7,Y
IDCJAC0001,66006,1947,2,126.2,Y
IDCJAC0001,66006,1947,3,53.7,Y
IDCJAC0001,66006,1947,4,196.9,Y
IDCJAC0001,66006,1947,5,126.2,Y
IDCJAC0001,66006,1947,6,51.1,Y
IDCJAC0001,66006,1947,7,13.2,Y
IDCJAC0001,66006,1947,8,46.1,Y
IDCJAC0001,66006,1947,9,20.7,Y
IDCJAC0001,66006,1947,10,52.1,Y
IDCJAC0001,66006,1947,11,112.1,Y
IDCJAC0001,66006,1947,12,212.9,Y
IDCJAC0001,66006,1948,1,212.9,Y
IDCJAC0001,66006,1948,2,62.6,Y
IDCJAC0001,66006,1948,3,105.3,Y
IDCJAC0001,66006,1948,4,37.3,Y
IDCJAC0001,66006,1948,5,152.6,Y
IDCJAC0001,66006,1948,6,198,Y
IDCJAC0001,66006,1948,7,18.2,Y
IDCJAC0001,66006,1948,8,9.9,Y
IDCJAC0001,66006,1948,9,71.4,Y
IDCJAC0001,66006,1948,10,16.2,Y
IDCJAC0001,66006,1948,11,26.1,Y
IDCJAC0001,66006,1948,12,104.3,Y
IDCJAC0001,66006,1949,1,274.9,Y
IDCJAC0001,66006,1949,2,165.8,Y
IDCJAC0001,66006,1949,3,113.8,Y
IDCJAC0001,66006,1949,4,34.6,Y
IDCJAC0001,66006,1949,5,123.6,Y
IDCJAC0001,66006,1949,6,427.6,Y
IDCJAC0001,66006,1949,7,69.1,Y
IDCJAC0001,66006,1949,8,147.8,Y
IDCJAC0001,66006,1949,9,257.1,Y
IDCJAC0001,66006,1949,10,37.7,Y
IDCJAC0001,66006,1949,11,96.3,Y
IDCJAC0001,66006,1949,12,50.5,Y
IDCJAC0001,66006,1950,1,160.6,Y
IDCJAC0001,66006,1950,2,151.8,Y
IDCJAC0001,66006,1950,3,122.8,Y
IDCJAC0001,66006,1950,4,166.8,Y
IDCJAC0001,66006,1950,5,165.8,Y
IDCJAC0001,66006,1950,6,681.4,Y
IDCJAC0001,66006,1950,7,346.5,Y
IDCJAC0001,66006,1950,8,85.5,Y
IDCJAC0001,66006,1950,9,97.2,Y
IDCJAC0001,66006,1950,10,112.3,Y
IDCJAC0001,66006,1950,11,108.8,Y
IDCJAC0001,66006,1950,12,44.2,Y
IDCJAC0001,66006,1951,1,270.4,Y
IDCJAC0001,66006,1951,2,63.4,Y
IDCJAC0001,66006,1951,3,112.8,Y
IDCJAC0001,66006,1951,4,41.3,Y
IDCJAC0001,66006,1951,5,175.1,Y
IDCJAC0001,66006,1951,6,373.7,Y
IDCJAC0001,66006,1951,7,49.9,Y
IDCJAC0001,66006,1951,8,157,Y
IDCJAC0001,66006,1951,9,89.7,Y
IDCJAC0001,66006,1951,10,50,Y
IDCJAC0001,66006,1951,11,16.5,Y
IDCJAC0001,66006,1951,12,14.8,Y
IDCJAC0001,66006,1952,1,56.1,Y
IDCJAC0001,66006,1952,2,53.9,Y
IDCJAC0001,66006,1952,3,97.2,Y
IDCJAC0001,66006,1952,4,250,Y
IDCJAC0001,66006,1952,5,61.6,Y
IDCJAC0001,66006,1952,6,152.9,Y
IDCJAC0001,66006,1952,7,226.2,Y
IDCJAC0001,66006,1952,8,346.4,Y
IDCJAC0001,66006,1952,9,21.1,Y
IDCJAC0001,66006,1952,10,212.1,Y
IDCJAC0001,66006,1952,11,80.1,Y
IDCJAC0001,66006,1952,12,40.8,Y
IDCJAC0001,66006,1953,1,78.5,Y
IDCJAC0001,66006,1953,2,159,Y
IDCJAC0001,66006,1953,3,95.2,Y
IDCJAC0001,66006,1953,4,18.8,Y
IDCJAC0001,66006,1953,5,479,Y
IDCJAC0001,66006,1953,6,42.4,Y
IDCJAC0001,66006,1953,7,77.5,Y
IDCJAC0001,66006,1953,8,51.7,Y
IDCJAC0001,66006,1953,9,28.8,Y
IDCJAC0001,66006,1953,10,69,Y
IDCJAC0001,66006,1953,11,47.1,Y
IDCJAC0001,66006,1953,12,10.7,Y
IDCJAC0001,66006,1954,1,137.2,Y
IDCJAC0001,66006,1954,2,246.3,Y
IDCJAC0001,66006,1954,3,18.3,Y
IDCJAC0001,66006,1954,4,19.4,Y
IDCJAC0001,66006,1954,5,40.1,Y
IDCJAC0001,66006,1954,6,11.5,Y
IDCJAC0001,66006,1954,7,117.4,Y
IDCJAC0001,66006,1954,8,35.1,Y
IDCJAC0001,66006,1954,9,56.5,Y
IDCJAC0001,66006,1954,10,179.9,Y
IDCJAC0001,66006,1954,11,166.8,Y
IDCJAC0001,66006,1954,12,83.1,Y
IDCJAC0001,66006,1955,1,203.5,Y
IDCJAC0001,66006,1955,2,271.7,Y
IDCJAC0001,66006,1955,3,229,Y
IDCJAC0001,66006,1955,4,80.4,Y
IDCJAC0001,66006,1955,5,330.2,Y
IDCJAC0001,66006,1955,6,142.3,Y
IDCJAC0001,66006,1955,7,49.3,Y
IDCJAC0001,66006,1955,8,16.3,Y
IDCJAC0001,66006,1955,9,27.7,Y
IDCJAC0001,66006,1955,10,45.8,Y
IDCJAC0001,66006,1955,11,227.2,Y
IDCJAC0001,66006,1955,12,251.1,Y
IDCJAC0001,66006,1956,1,105.5,Y
IDCJAC0001,66006,1956,2,578.1,Y
IDCJAC0001,66006,1956,3,356.1,Y
IDCJAC0001,66006,1956,4,32.7,Y
IDCJAC0001,66006,1956,5,149.3,Y
IDCJAC0001,66006,1956,6,210,Y
IDCJAC0001,66006,1956,7,60.7,Y
IDCJAC0001,66006,1956,8,89.7,Y
IDCJAC0001,66006,1956,9,27.4,Y
IDCJAC0001,66006,1956,10,64.7,Y
IDCJAC0001,66006,1956,11,8.8,Y
IDCJAC0001,66006,1956,12,27.3,Y
IDCJAC0001,66006,1957,1,49.9,Y
IDCJAC0001,66006,1957,2,69.7,Y
IDCJAC0001,66006,1957,3,160,Y
IDCJAC0001,66006,1957,4,26.1,Y
IDCJAC0001,66006,1957,5,2.6,Y
IDCJAC0001,66006,1957,6,27,Y
IDCJAC0001,66006,1957,7,130.9,Y
IDCJAC0001,66006,1957,8,139.6,Y
IDCJAC0001,66006,1957,9,21.5,Y
IDCJAC0001,66006,1957,10,12,Y
IDCJAC0001,66006,1957,11,27.9,Y
IDCJAC0001,66006,1957,12,52.4,Y
IDCJAC0001,66006,1958,1,122.8,Y
IDCJAC0001,66006,1958,2,338.5,Y
IDCJAC0001,66006,1958,3,343.7,Y
IDCJAC0001,66006,1958,4,76.4,Y
IDCJAC0001,66006,1958,5,14.2,Y
IDCJAC0001,66006,1958,6,212.6,Y
IDCJAC0001,66006,1958,7,30.3,Y
IDCJAC0001,66006,1958,8,84.1,Y
IDCJAC0001,66006,1958,9,29.5,Y
IDCJAC0001,66006,1958,10,53.4,Y
IDCJAC0001,66006,1958,11,11.3,Y
IDCJAC0001,66006,1958,12,148.9,Y
IDCJAC0001,66006,1959,1,154.7,Y
IDCJAC0001,66006,1959,2,185.2,Y
IDCJAC0001,66006,1959,3,150.7,Y
IDCJAC0001,66006,1959,4,36,Y
IDCJAC0001,66006,1959,5,52.9,Y
IDCJAC0001,66006,1959,6,113.8,Y
IDCJAC0001,66006,1959,7,201.4,Y
IDCJAC0001,66006,1959,8,92,Y
IDCJAC0001,66006,1959,9,89.5,Y
IDCJAC0001,66006,1959,10,320.8,Y
IDCJAC0001,66006,1959,11,105.6,Y
IDCJAC0001,66006,1959,12,47.8,Y
IDCJAC0001,66006,1960,1,56.9,Y
IDCJAC0001,66006,1960,2,89.3,Y
IDCJAC0001,66006,1960,3,41.8,Y
IDCJAC0001,66006,1960,4,30.1,Y
IDCJAC0001,66006,1960,5,113.3,Y
IDCJAC0001,66006,1960,6,87.4,Y
IDCJAC0001,66006,1960,7,148.5,Y
IDCJAC0001,66006,1960,8,59.8,Y
IDCJAC0001,66006,1960,9,63.2,Y
IDCJAC0001,66006,1960,10,272.7,Y
IDCJAC0001,66006,1960,11,66.4,Y
IDCJAC0001,66006,1960,12,240.1,Y
IDCJAC0001,66006,1961,1,58.1,Y
IDCJAC0001,66006,1961,2,86.9,Y
IDCJAC0001,66006,1961,3,43.5,Y
IDCJAC0001,66006,1961,4,83.8,Y
IDCJAC0001,66006,1961,5,29.3,Y
IDCJAC0001,66006,1961,6,53.7,Y
IDCJAC0001,66006,1961,7,39.8,Y
IDCJAC0001,66006,1961,8,258.5,Y
IDCJAC0001,66006,1961,9,50.7,Y
IDCJAC0001,66006,1961,10,71.9,Y
IDCJAC0001,66006,1961,11,485.9,Y
IDCJAC0001,66006,1961,12,164.8,Y
IDCJAC0001,66006,1962,1,117.3,Y
IDCJAC0001,66006,1962,2,166.5,Y
IDCJAC0001,66006,1962,3,58.5,Y
IDCJAC0001,66006,1962,4,88.4,Y
IDCJAC0001,66006,1962,5,256.3,Y
IDCJAC0001,66006,1962,6,3.8,Y
IDCJAC0001,66006,1962,7,46.5,Y
IDCJAC0001,66006,1962,8,115.8,Y
IDCJAC0001,66006,1962,9,79.8,Y
IDCJAC0001,66006,1962,10,20.6,Y
IDCJAC0001,66006,1962,11,13,Y
IDCJAC0001,66006,1962,12,119.3,Y
IDCJAC0001,66006,1963,1,123.2,Y
IDCJAC0001,66006,1963,2,44,Y
IDCJAC0001,66006,1963,3,398.5,Y
IDCJAC0001,66006,1963,4,241.5,Y
IDCJAC0001,66006,1963,5,216.2,Y
IDCJAC0001,66006,1963,6,254.3,Y
IDCJAC0001,66006,1963,7,74,Y
IDCJAC0001,66006,1963,8,237.7,Y
IDCJAC0001,66006,1963,9,20,Y
IDCJAC0001,66006,1963,10,59.9,Y
IDCJAC0001,66006,1963,11,42.1,Y
IDCJAC0001,66006,1963,12,243.6,Y
IDCJAC0001,66006,1964,1,17.2,Y
IDCJAC0001,66006,1964,2,40.1,Y
IDCJAC0001,66006,1964,3,153.6,Y
IDCJAC0001,66006,1964,4,135.7,Y
IDCJAC0001,66006,1964,5,78.8,Y
IDCJAC0001,66006,1964,6,434.4,Y
IDCJAC0001,66006,1964,7,9.1,Y
IDCJAC0001,66006,1964,8,24.6,Y
IDCJAC0001,66006,1964,9,16.7,Y
IDCJAC0001,66006,1964,10,85.5,Y
IDCJAC0001,66006,1964,11,71.9,Y
IDCJAC0001,66006,1964,12,38.1,Y
IDCJAC0001,66006,1965,1,30.5,Y
IDCJAC0001,66006,1965,2,33.5,Y
IDCJAC0001,66006,1965,3,7.9,Y
IDCJAC0001,66006,1965,4,93.2,Y
IDCJAC0001,66006,1965,5,45.8,Y
IDCJAC0001,66006,1965,6,235.2,Y
IDCJAC0001,66006,1965,7,93.1,Y
IDCJAC0001,66006,1965,8,11.5,Y
IDCJAC0001,66006,1965,9,95.6,Y
IDCJAC0001,66006,1965,10,177.4,Y
IDCJAC0001,66006,1965,11,37.8,Y
IDCJAC0001,66006,1965,12,38.1,Y
IDCJAC0001,66006,1966,1,22.8,Y
IDCJAC0001,66006,1966,2,140.9,Y
IDCJAC0001,66006,1966,3,138.4,Y
IDCJAC0001,66006,1966,4,240.3,Y
IDCJAC0001,66006,1966,5,65.8,Y
IDCJAC0001,66006,1966,6,139.9,Y
IDCJAC0001,66006,1966,7,15.6,Y
IDCJAC0001,66006,1966,8,100.1,Y
IDCJAC0001,66006,1966,9,62.7,Y
IDCJAC0001,66006,1966,10,57.6,Y
IDCJAC0001,66006,1966,11,179.6,Y
IDCJAC0001,66006,1966,12,96.1,Y
IDCJAC0001,66006,1967,1,156.7,Y
IDCJAC0001,66006,1967,2,156.6,Y
IDCJAC0001,66006,1967,3,136.9,Y
IDCJAC0001,66006,1967,4,39.1,Y
IDCJAC0001,66006,1967,5,43.9,Y
IDCJAC0001,66006,1967,6,342.4,Y
IDCJAC0001,66006,1967,7,31.3,Y
IDCJAC0001,66006,1967,8,200.2,Y
IDCJAC0001,66006,1967,9,107.8,Y
IDCJAC0001,66006,1967,10,87.4,Y
IDCJAC0001,66006,1967,11,111.2,Y
IDCJAC0001,66006,1967,12,48.8,Y
IDCJAC0001,66006,1968,1,132.7,Y
IDCJAC0001,66006,1968,2,20.2,Y
IDCJAC0001,66006,1968,3,115.4,Y
IDCJAC0001,66006,1968,4,16,Y
IDCJAC0001,66006,1968,5,116.7,Y
IDCJAC0001,66006,1968,6,23.9,Y
IDCJAC0001,66006,1968,7,64.3,Y
IDCJAC0001,66006,1968,8,28.7,Y
IDCJAC0001,66006,1968,9,5.1,Y
IDCJAC0001,66006,1968,10,4.4,Y
IDCJAC0001,66006,1968,11,18.1,Y
IDCJAC0001,66006,1968,12,86.9,Y
IDCJAC0001,66006,1969,1,53,Y
IDCJAC0001,66006,1969,2,251.2,Y
IDCJAC0001,66006,1969,3,100.8,Y
IDCJAC0001,66006,1969,4,186.5,Y
IDCJAC0001,66006,1969,5,49.4,Y
IDCJAC0001,66006,1969,6,204,Y
IDCJAC0001,66006,1969,7,51,Y
IDCJAC0001,66006,1969,8,164.7,Y
IDCJAC0001,66006,1969,9,85.3,Y
IDCJAC0001,66006,1969,10,42.9,Y
IDCJAC0001,66006,1969,11,248,Y
IDCJAC0001,66006,1969,12,35.5,Y
IDCJAC0001,66006,1970,1,142.8,Y
IDCJAC0001,66006,1970,2,49.3,Y
IDCJAC0001,66006,1970,3,203.4,Y
IDCJAC0001,66006,1970,4,58.5,Y
IDCJAC0001,66006,1970,5,10.6,Y
IDCJAC0001,66006,1970,6,40.7,Y
IDCJAC0001,66006,1970,7,1.8,Y
IDCJAC0001,66006,1970,8,34.4,Y
IDCJAC0001,66006,1970,9,165.4,Y
IDCJAC0001,66006,1970,10,20.3,Y
IDCJAC0001,66006,1970,11,127.5,Y
IDCJAC0001,66006,1970,12,274.4,Y
IDCJAC0001,66006,1971,1,132.2,Y
IDCJAC0001,66006,1971,2,181.2,Y
IDCJAC0001,66006,1971,3,78.2,Y
IDCJAC0001,66006,1971,4,84.6,Y
IDCJAC0001,66006,1971,5,114.6,Y
IDCJAC0001,66006,1971,6,70.2,Y
IDCJAC0001,66006,1971,7,19.6,Y
IDCJAC0001,66006,1971,8,180.6,Y
IDCJAC0001,66006,1971,9,54.6,Y
IDCJAC0001,66006,1971,10,2.5,Y
IDCJAC0001,66006,1971,11,76,Y
IDCJAC0001,66006,1971,12,129.5,Y
IDCJAC0001,66006,1972,1,400.7,Y
IDCJAC0001,66006,1972,2,110.3,Y
IDCJAC0001,66006,1972,3,201,Y
IDCJAC0001,66006,1972,4,70.6,Y
IDCJAC0001,66006,1972,5,96.3,Y
IDCJAC0001,66006,1972,6,112,Y
IDCJAC0001,66006,1972,7,4.1,Y
IDCJAC0001,66006,1972,8,34.9,Y
IDCJAC0001,66006,1972,9,11.1,Y
IDCJAC0001,66006,1972,10,170,Y
IDCJAC0001,66006,1972,11,63.5,Y
IDCJAC0001,66006,1972,12,42.8,Y
IDCJAC0001,66006,1973,1,279.8,Y
IDCJAC0001,66006,1973,2,351.1,Y
IDCJAC0001,66006,1973,3,108.5,Y
IDCJAC0001,66006,1973,4,77.4,Y
IDCJAC0001,66006,1973,5,28.5,Y
IDCJAC0001,66006,1973,6,73.8,Y
IDCJAC0001,66006,1973,7,107.6,Y
IDCJAC0001,66006,1973,8,91.2,Y
IDCJAC0001,66006,1973,9,72.6,Y
IDCJAC0001,66006,1973,10,178.6,Y
IDCJAC0001,66006,1973,11,121.8,Y
IDCJAC0001,66006,1973,12,33.4,Y
IDCJAC0001,66006,1974,1,200.6,Y
IDCJAC0001,66006,1974,2,44,Y
IDCJAC0001,66006,1974,3,284.6,Y
IDCJAC0001,66006,1974,4,164.6,Y
IDCJAC0001,66006,1974,5,229.5,Y
IDCJAC0001,66006,1974,6,220.5,Y
IDCJAC0001,66006,1974,7,17.4,Y
IDCJAC0001,66006,1974,8,175.8,Y
IDCJAC0001,66006,1974,9,46.4,Y
IDCJAC0001,66006,1974,10,74.7,Y
IDCJAC0001,66006,1974,11,115.2,Y
IDCJAC0001,66006,1974,12,33.4,Y
IDCJAC0001,66006,1975,1,47.6,Y
IDCJAC0001,66006,1975,2,140,Y
IDCJAC0001,66006,1975,3,388.6,Y
IDCJAC0001,66006,1975,4,78,Y
IDCJAC0001,66006,1975,5,18.6,Y
IDCJAC0001,66006,1975,6,379.2,Y
IDCJAC0001,66006,1975,7,49,Y
IDCJAC0001,66006,1975,8,25.8,Y
IDCJAC0001,66006,1975,9,49.6,Y
IDCJAC0001,66006,1975,10,115,Y
IDCJAC0001,66006,1975,11,32.2,Y
IDCJAC0001,66006,1975,12,37.4,Y
IDCJAC0001,66006,1976,1,293.6,Y
IDCJAC0001,66006,1976,2,221,Y
IDCJAC0001,66006,1976,3,304.3,Y
IDCJAC0001,66006,1976,4,50.8,Y
IDCJAC0001,66006,1976,5,22.9,Y
IDCJAC0001,66006,1976,6,155.4,Y
IDCJAC0001,66006,1976,7,153.4,Y
IDCJAC0001,66006,1976,8,38,Y
IDCJAC0001,66006,1976,9,135.4,Y
IDCJAC0001,66006,1976,10,286,Y
IDCJAC0001,66006,1976,11,112.6,Y
IDCJAC0001,66006,1976,12,23.6,Y
IDCJAC0001,66006,1977,1,99,Y
IDCJAC0001,66006,1977,2,174.4,Y
IDCJAC0001,66006,1977,3,256.8,Y
IDCJAC0001,66006,1977,4,25.8,Y
IDCJAC0001,66006,1977,5,133.2,Y
IDCJAC0001,66006,1977,6,111.4,Y
IDCJAC0001,66006,1977,7,10,Y
IDCJAC0001,66006,1977,8,20.6,Y
IDCJAC0001,66006,1977,9,49,Y
IDCJAC0001,66006,1977,10,20,Y
IDCJAC0001,66006,1977,11,36,Y
IDCJAC0001,66006,1977,12,30.8,Y
IDCJAC0001,66006,1978,1,225.4,Y
IDCJAC0001,66006,1978,2,15.4,Y
IDCJAC0001,66006,1978,3,250.2,Y
IDCJAC0001,66006,1978,4,141,Y
IDCJAC0001,66006,1978,5,118.2,Y
IDCJAC0001,66006,1978,6,301.8,Y
IDCJAC0001,66006,1978,7,19.4,Y
IDCJAC0001,66006,1978,8,37.2,Y
IDCJAC0001,66006,1978,9,113.6,Y
IDCJAC0001,66006,1978,10,88.3,Y
IDCJAC0001,66006,1978,11,96.8,Y
IDCJAC0001,66006,1978,12,93,Y
IDCJAC0001,66006,1979,1,122.1,Y
IDCJAC0001,66006,1979,2,16.1,Y
IDCJAC0001,66006,1979,3,200.2,Y
IDCJAC0001,66006,1979,4,24.6,Y
IDCJAC0001,66006,1979,5,121.2,Y
IDCJAC0001,66006,1979,6,169.4,Y
IDCJAC0001,66006,1979,7,26.4,Y
IDCJAC0001,66006,1979,8,9.2,Y
IDCJAC0001,66006,1979,9,28,Y
IDCJAC0001,66006,1979,10,50,Y
IDCJAC0001,66006,1979,11,91.8,Y
IDCJAC0001,66006,1979,12,2.6,Y
IDCJAC0001,66006,1980,1,169.7,Y
IDCJAC0001,66006,1980,2,81.4,Y
IDCJAC0001,66006,1980,3,76.2,Y
IDCJAC0001,66006,1980,4,22.6,Y
IDCJAC0001,66006,1980,5,132.1,Y
IDCJAC0001,66006,1980,6,47.4,Y
IDCJAC0001,66006,1980,7,52.4,Y
IDCJAC0001,66006,1980,8,14.8,Y
IDCJAC0001,66006,1980,9,5.5,Y
IDCJAC0001,66006,1980,10,34.1,Y
IDCJAC0001,66006,1980,11,41.2,Y
IDCJAC0001,66006,1980,12,50.2,Y
IDCJAC0001,66006,1981,1,64.4,Y
IDCJAC0001,66006,1981,2,208,Y
IDCJAC0001,66006,1981,3,38.2,Y
IDCJAC0001,66006,1981,4,133.4,Y
IDCJAC0001,66006,1981,5,90,Y
IDCJAC0001,66006,1981,6,43.4,Y
IDCJAC0001,66006,1981,7,39.8,Y
IDCJAC0001,66006,1981,8,10.4,Y
IDCJAC0001,66006,1981,9,4,Y
IDCJAC0001,66006,1981,10,244,Y
IDCJAC0001,66006,1981,11,126.8,Y
IDCJAC0001,66006,1981,12,66.2,Y
IDCJAC0001,66006,1982,1,51.2,Y
IDCJAC0001,66006,1982,2,31.4,Y
IDCJAC0001,66006,1982,3,164.8,Y
IDCJAC0001,66006,1982,4,20.2,Y
IDCJAC0001,66006,1982,5,15.8,Y
IDCJAC0001,66006,1982,6,125.4,Y
IDCJAC0001,66006,1982,7,160.8,Y
IDCJAC0001,66006,1982,8,23.9,Y
IDCJAC0001,66006,1982,9,208.5,Y
IDCJAC0001,66006,1982,10,51.2,Y
IDCJAC0001,66006,1982,11,20,Y
IDCJAC0001,66006,1982,12,22.2,Y
IDCJAC0001,66006,1983,1,42.6,Y
IDCJAC0001,66006,1983,2,50.2,Y
IDCJAC0001,66006,1983,3,310.2,Y
IDCJAC0001,66006,1983,4,157.8,Y
IDCJAC0001,66006,1983,5,203.2,Y
IDCJAC0001,66006,1983,6,78.6,Y
IDCJAC0001,66006,1983,7,40.6,Y
IDCJAC0001,66006,1983,8,145.4,Y
IDCJAC0001,66006,1983,9,46.6,Y
IDCJAC0001,66006,1983,10,158,Y
IDCJAC0001,66006,1983,11,35,Y
IDCJAC0001,66006,1983,12,103.2,Y
IDCJAC0001,66006,1984,1,191.2,Y
IDCJAC0001,66006,1984,2,130.5,Y
IDCJAC0001,66006,1984,3,276.6,Y
IDCJAC0001,66006,1984,4,100.6,Y
IDCJAC0001,66006,1984,5,142.5,Y
IDCJAC0001,66006,1984,6,89.8,Y
IDCJAC0001,66006,1984,7,150.8,Y
IDCJAC0001,66006,1984,8,8.8,Y
IDCJAC0001,66006,1984,9,52.4,Y
IDCJAC0001,66006,1984,10,54,Y
IDCJAC0001,66006,1984,11,517.3,Y
IDCJAC0001,66006,1984,12,97.9,Y
IDCJAC0001,66006,1985,1,2.2,Y
IDCJAC0001,66006,1985,2,54.9,Y
IDCJAC0001,66006,1985,3,87,Y
IDCJAC0001,66006,1985,4,297.4,Y
IDCJAC0001,66006,1985,5,128.8,Y
IDCJAC0001,66006,1985,6,123.8,Y
IDCJAC0001,66006,1985,7,83.6,Y
IDCJAC0001,66006,1985,8,27.5,Y
IDCJAC0001,66006,1985,9,76.2,Y
IDCJAC0001,66006,1985,10,140,Y
IDCJAC0001,66006,1985,11,63,Y
IDCJAC0001,66006,1985,12,91,Y
IDCJAC0001,66006,1986,1,202.1,Y
IDCJAC0001,66006,1986,2,90.2,Y
IDCJAC0001,66006,1986,3,18.6,Y
IDCJAC0001,66006,1986,4,117.7,Y
IDCJAC0001,66006,1986,5,55.8,Y
IDCJAC0001,66006,1986,6,16,Y
IDCJAC0001,66006,1986,7,48.7,Y
IDCJAC0001,66006,1986,8,482.7,Y
IDCJAC0001,66006,1986,9,31.2,Y
IDCJAC0001,66006,1986,10,99.2,Y
IDCJAC0001,66006,1986,11,172.2,Y
IDCJAC0001,66006,1986,12,6.8,Y
IDCJAC0001,66006,1987,1,83.2,Y
IDCJAC0001,66006,1987,2,18.2,Y
IDCJAC0001,66006,1987,3,149.2,Y
IDCJAC0001,66006,1987,4,70.8,Y
IDCJAC0001,66006,1987,5,47.9,Y
IDCJAC0001,66006,1987,6,82.6,Y
IDCJAC0001,66006,1987,7,113.9,Y
IDCJAC0001,66006,1987,8,189.1,Y
IDCJAC0001,66006,1987,9,8.1,Y
IDCJAC0001,66006,1987,10,272.5,Y
IDCJAC0001,66006,1987,11,180.6,Y
IDCJAC0001,66006,1987,12,82.3,Y
IDCJAC0001,66006,1988,1,96.3,Y
IDCJAC0001,66006,1988,2,100,Y
IDCJAC0001,66006,1988,3,79,Y
IDCJAC0001,66006,1988,4,347.7,Y
IDCJAC0001,66006,1988,5,272.4,Y
IDCJAC0001,66006,1988,6,86.1,Y
IDCJAC0001,66006,1988,7,109.3,Y
IDCJAC0001,66006,1988,8,72.1,Y
IDCJAC0001,66006,1988,9,145.2,Y
IDCJAC0001,66006,1988,10,0.6,Y
IDCJAC0001,66006,1988,11,166.1,Y
IDCJAC0001,66006,1988,12,132.7,Y
IDCJAC0001,66006,1989,1,158.8,Y
IDCJAC0001,66006,1989,2,143.4,Y
IDCJAC0001,66006,1989,3,143.2,Y
IDCJAC0001,66006,1989,4,380.4,Y
IDCJAC0001,66006,1989,5,157.6,Y
IDCJAC0001,66006,1989,6,249.8,Y
IDCJAC0001,66006,1989,7,32.7,Y
IDCJAC0001,66006,1989,8,66.2,Y
IDCJAC0001,66006,1989,9,2.2,Y
IDCJAC0001,66006,1989,10,15.3,Y
IDCJAC0001,66006,1989,11,60.6,Y
IDCJAC0001,66006,1989,12,141.6,Y
IDCJAC0001,66006,1990,1,82.9,Y
IDCJAC0001,66006,1990,2,664.7,Y
IDCJAC0001,66006,1990,3,139.1,Y
IDCJAC0001,66006,1990,4,341.5,Y
IDCJAC0001,66006,1990,5,110.1,Y
IDCJAC0001,66006,1990,6,42,Y
IDCJAC0001,66006,1990,7,75.7,Y
IDCJAC0001,66006,1990,8,201,Y
IDCJAC0001,66006,1990,9,202.1,Y
IDCJAC0001,66006,1990,10,53.6,Y
IDCJAC0001,66006,1990,11,29.8,Y
IDCJAC0001,66006,1990,12,42,Y
IDCJAC0001,66006,1991,1,99.6,Y
IDCJAC0001,66006,1991,2,51.3,Y
IDCJAC0001,66006,1991,3,17.1,Y
IDCJAC0001,66006,1991,4,47.4,Y
IDCJAC0001,66006,1991,5,137.2,Y
IDCJAC0001,66006,1991,6,347.1,Y
IDCJAC0001,66006,1991,7,105.3,Y
IDCJAC0001,66006,1991,8,4.6,Y
IDCJAC0001,66006,1991,9,18.7,Y
IDCJAC0001,66006,1991,10,11.9,Y
IDCJAC0001,66006,1991,11,121.7,Y
IDCJAC0001,66006,1991,12,185.1,Y
IDCJAC0001,66006,1992,1,74.5,Y
IDCJAC0001,66006,1992,2,490.2,Y
IDCJAC0001,66006,1992,3,86.9,Y
IDCJAC0001,66006,1992,4,67.5,Y
IDCJAC0001,66006,1992,5,73.6,Y
IDCJAC0001,66006,1992,6,97.3,Y
IDCJAC0001,66006,1992,7,15.8,Y
IDCJAC0001,66006,1992,8,34.2,Y
IDCJAC0001,66006,1992,9,25.3,Y
IDCJAC0001,66006,1992,10,87.7,Y
IDCJAC0001,66006,1992,11,147.1,Y
IDCJAC0001,66006,1992,12,205.4,Y
IDCJAC0001,66006,1993,1,65.5,Y
IDCJAC0001,66006,1993,2,75.8,Y
IDCJAC0001,66006,1993,3,92.1,Y
IDCJAC0001,66006,1993,4,62.8,Y
IDCJAC0001,66006,1993,5,18.8,Y
IDCJAC0001,66006,1993,6,60.8,Y
IDCJAC0001,66006,1993,7,99.8,Y
IDCJAC0001,66006,1993,8,66.6,Y
IDCJAC0001,66006,1993,9,169.3,Y
IDCJAC0001,66006,1993,10,50.5,Y
IDCJAC0001,66006,1993,11,94.2,Y
IDCJAC0001,66006,1993,12,32.2,Y
IDCJAC0001,66006,1994,1,42,Y
IDCJAC0001,66006,1994,2,87.6,Y
IDCJAC0001,66006,1994,3,171,Y
IDCJAC0001,66006,1994,4,122,Y
IDCJAC0001,66006,1994,5,40.1,Y
IDCJAC0001,66006,1994,6,70.1,Y
IDCJAC0001,66006,1994,7,79.9,Y
IDCJAC0001,66006,1994,8,35.8,Y
IDCJAC0001,66006,1994,9,28,Y
IDCJAC0001,66006,1994,10,49.2,Y
IDCJAC0001,66006,1994,11,53.5,Y
IDCJAC0001,66006,1994,12,69.1,Y
IDCJAC0001,66006,1995,1,101.8,Y
IDCJAC0001,66006,1995,2,61.2,Y
IDCJAC0001,66006,1995,3,176.9,Y
IDCJAC0001,66006,1995,4,41.7,Y
IDCJAC0001,66006,1995,5,180.9,Y
IDCJAC0001,66006,1995,6,114.6,Y
IDCJAC0001,66006,1995,7,1.5,Y
IDCJAC0001,66006,1995,8,0,Y
IDCJAC0001,66006,1995,9,223.3,Y
IDCJAC0001,66006,1995,10,35.5,Y
IDCJAC0001,66006,1995,11,170.9,Y
IDCJAC0001,66006,1995,12,81.2,Y
IDCJAC0001,66006,1996,1,132.5,Y
IDCJAC0001,66006,1996,2,39.6,Y
IDCJAC0001,66006,1996,3,59.1,Y
IDCJAC0001,66006,1996,4,42.6,Y
IDCJAC0001,66006,1996,5,169.7,Y
IDCJAC0001,66006,1996,6,176.2,Y
IDCJAC0001,66006,1996,7,52.2,Y
IDCJAC0001,66006,1996,8,130.6,Y
IDCJAC0001,66006,1996,9,142.9,Y
IDCJAC0001,66006,1996,10,17.3,Y
IDCJAC0001,66006,1996,11,114.8,Y
IDCJAC0001,66006,1996,12,37.8,Y
IDCJAC0001,66006,1997,1,178,Y
IDCJAC0001,66006,1997,2,124.6,Y
IDCJAC0001,66006,1997,3,27.4,Y
IDCJAC0001,66006,1997,4,6.6,Y
IDCJAC0001,66006,1997,5,200.4,Y
IDCJAC0001,66006,1997,6,110,Y
IDCJAC0001,66006,1997,7,190.6,Y
IDCJAC0001,66006,1997,8,38.4,Y
IDCJAC0001,66006,1997,9,137.2,Y
IDCJAC0001,66006,1997,10,54.8,Y
IDCJAC0001,66006,1997,11,25.8,Y
IDCJAC0001,66006,1997,12,30,Y
IDCJAC0001,66006,1998,1,90.8,Y
IDCJAC0001,66006,1998,2,33.9,Y
IDCJAC0001,66006,1998,3,19.5,Y
IDCJAC0001,66006,1998,4,344.1,Y
IDCJAC0001,66006,1998,5,333.3,Y
IDCJAC0001,66006,1998,6,148.6,Y
IDCJAC0001,66006,1998,7,89.8,Y
IDCJAC0001,66006,1998,8,532.3,Y
IDCJAC0001,66006,1998,9,43.6,Y
IDCJAC0001,66006,1998,10,37.9,Y
IDCJAC0001,66006,1998,11,73.4,Y
IDCJAC0001,66006,1998,12,59.3,Y
IDCJAC0001,66006,1999,3,31.1,Y
IDCJAC0001,66006,1999,4,269.1,Y
IDCJAC0001,66006,1999,5,74.4,Y
IDCJAC0001,66006,1999,6,91.2,Y
IDCJAC0001,66006,1999,7,202.5,Y
IDCJAC0001,66006,1999,8,135.8,Y
IDCJAC0001,66006,1999,10,174.5,Y
IDCJAC0001,66006,1999,11,86.2,Y
IDCJAC0001,66006,1999,12,92.8,Y
IDCJAC0001,66006,2000,1,57.3,Y
IDCJAC0001,66006,2000,2,24.3,Y
IDCJAC0001,66006,2000,4,61.6,Y
IDCJAC0001,66006,2000,7,23.5,Y
IDCJAC0001,66006,2000,8,23.6,Y
IDCJAC0001,66006,2000,9,32.2,Y
IDCJAC0001,66006,2000,10,84.4,Y
IDCJAC0001,66006,2000,12,46.4,Y
IDCJAC0001,66006,2001,1,182.2,Y
IDCJAC0001,66006,2001,3,105.3,Y
IDCJAC0001,66006,2001,6,34,Y
IDCJAC0001,66006,2001,7,127.2,Y
IDCJAC0001,66006,2001,8,68.9,Y
IDCJAC0001,66006,2001,9,29.6,Y
IDCJAC0001,66006,2001,10,35.7,Y
IDCJAC0001,66006,2001,12,44.5,Y
IDCJAC0001,66006,2002,1,106.7,Y
IDCJAC0001,66006,2002,2,384.2,Y
IDCJAC0001,66006,2002,3,52.4,Y
IDCJAC0001,66006,2002,4,34.6,Y
IDCJAC0001,66006,2002,5,101.5,Y
IDCJAC0001,66006,2002,6,30.8,Y
IDCJAC0001,66006,2002,7,21.8,Y
IDCJAC0001,66006,2002,8,25.6,Y
IDCJAC0001,66006,2002,9,24,Y
IDCJAC0001,66006,2002,10,8.6,Y
IDCJAC0001,66006,2002,11,17.4,Y
IDCJAC0001,66006,2002,12,73,Y
IDCJAC0001,66006,2003,1,15.2,Y
IDCJAC0001,66006,2003,2,65.6,Y
IDCJAC0001,66006,2003,3,151.6,Y
IDCJAC0001,66006,2003,4,223.6,Y
IDCJAC0001,66006,2003,5,377.2,Y
IDCJAC0001,66006,2003,6,52.6,Y
IDCJAC0001,66006,2003,7,64.8,Y
IDCJAC0001,66006,2003,8,54.4,Y
IDCJAC0001,66006,2003,9,5.2,Y
IDCJAC0001,66006,2003,10,106.4,Y
IDCJAC0001,66006,2003,11,106.8,Y
IDCJAC0001,66006,2003,12,58.8,Y
IDCJAC0001,66006,2004,2,127.8,Y
IDCJAC0001,66006,2004,3,100.2,Y
IDCJAC0001,66006,2004,4,27.8,Y
IDCJAC0001,66006,2004,5,9.3,Y
IDCJAC0001,66006,2004,6,45.4,Y
IDCJAC0001,66006,2004,7,42.2,Y
IDCJAC0001,66006,2004,8,150.8,Y
IDCJAC0001,66006,2004,9,51.8,Y
IDCJAC0001,66006,2004,10,246,Y
IDCJAC0001,66006,2004,11,75.6,Y
IDCJAC0001,66006,2004,12,88,Y
IDCJAC0001,66006,2005,1,72.4,Y
IDCJAC0001,66006,2005,2,146.4,Y
IDCJAC0001,66006,2005,4,27.8,Y
IDCJAC0001,66006,2005,5,46.4,Y
IDCJAC0001,66006,2005,6,80,Y
IDCJAC0001,66006,2005,7,82,Y
IDCJAC0001,66006,2005,8,1.2,Y
IDCJAC0001,66006,2005,10,45.6,Y
IDCJAC0001,66006,2005,11,132.8,Y
IDCJAC0001,66006,2005,12,28,Y
IDCJAC0001,66006,2006,2,50.7,Y
IDCJAC0001,66006,2006,3,42.7,Y
IDCJAC0001,66006,2006,5,47.1,Y
IDCJAC0001,66006,2006,6,202,Y
IDCJAC0001,66006,2006,8,102.2,Y
IDCJAC0001,66006,2006,9,180.5,Y
IDCJAC0001,66006,2006,10,22,Y
IDCJAC0001,66006,2006,11,49.1,Y
IDCJAC0001,66006,2006,12,103.6,Y
IDCJAC0001,66006,2007,1,49,Y
IDCJAC0001,66006,2007,2,108.6,Y
IDCJAC0001,66006,2007,3,84.7,Y
IDCJAC0001,66006,2007,4,196.5,Y
IDCJAC0001,66006,2007,5,12.6,Y
IDCJAC0001,66006,2007,7,63.2,Y
IDCJAC0001,66006,2007,8,162,Y
IDCJAC0001,66006,2007,9,44.4,Y
IDCJAC0001,66006,2007,10,25.7,Y
IDCJAC0001,66006,2007,11,179.7,Y
IDCJAC0001,66006,2007,12,116.9,Y
IDCJAC0001,66006,2008,2,263.1,Y
IDCJAC0001,66006,2008,3,65.2,Y
IDCJAC0001,66006,2008,4,144.6,Y
IDCJAC0001,66006,2008,5,3.7,Y
IDCJAC0001,66006,2008,6,143.8,Y
IDCJAC0001,66006,2008,7,100,Y
IDCJAC0001,66006,2008,8,45.4,Y
IDCJAC0001,66006,2008,9,95.2,Y
IDCJAC0001,66006,2008,10,75.2,Y
IDCJAC0001,66006,2008,11,69.3,Y
IDCJAC0001,66006,2008,12,68.4,Y
IDCJAC0001,66006,2009,1,28.2,Y
IDCJAC0001,66006,2009,2,114.9,Y
IDCJAC0001,66006,2009,3,61.8,Y
IDCJAC0001,66006,2009,4,147,Y
IDCJAC0001,66006,2009,5,148.6,Y
IDCJAC0001,66006,2009,7,60.4,Y
IDCJAC0001,66006,2009,9,17.6,Y
IDCJAC0001,66006,2009,11,19.4,Y
IDCJAC0001,66006,2009,12,73.2,Y
IDCJAC0001,66006,2010,1,43.4,Y
IDCJAC0001,66006,2010,2,261.8,Y
IDCJAC0001,66006,2010,4,29.6,Y
IDCJAC0001,66006,2010,5,196.2,Y
IDCJAC0001,66006,2010,6,176.8,Y
IDCJAC0001,66006,2010,7,123.9,Y
IDCJAC0001,66006,2010,8,42.2,Y
IDCJAC0001,66006,2010,9,47.1,Y
IDCJAC0001,66006,2010,10,99.7,Y
IDCJAC0001,66006,2010,11,153.2,Y
IDCJAC0001,66006,2010,12,97.8,Y
IDCJAC0001,66006,2011,1,69.8,Y
IDCJAC0001,66006,2011,5,143.7,Y
IDCJAC0001,66006,2011,6,96.3,Y
IDCJAC0001,66006,2011,7,277.7,Y
IDCJAC0001,66006,2011,8,54.3,Y
IDCJAC0001,66006,2011,9,81.1,Y
IDCJAC0001,66006,2011,10,50.6,Y
IDCJAC0001,66006,2011,11,168.4,Y
IDCJAC0001,66006,2011,12,83.9,Y
IDCJAC0001,66006,2012,1,195.2,Y
IDCJAC0001,66006,2012,3,271.5,Y
IDCJAC0001,66006,2012,4,189.2,Y
IDCJAC0001,66006,2012,5,53.3,Y
IDCJAC0001,66006,2012,6,267.8,Y
IDCJAC0001,66006,2012,7,65.9,Y
IDCJAC0001,66006,2012,8,23.7,Y
IDCJAC0001,66006,2012,9,25.2,Y
IDCJAC0001,66006,2012,10,31.4,Y
IDCJAC0001,66006,2012,11,53.4,Y
IDCJAC0001,66006,2012,12,47.1,Y
IDCJAC0001,66006,2013,1,186,Y
IDCJAC0001,66006,2013,2,188.2,Y
IDCJAC0001,66006,2013,3,65.7,Y
IDCJAC0001,66006,2013,4,232.3,Y
IDCJAC0001,66006,2013,5,111,Y
IDCJAC0001,66006,2013,6,358.6,Y
IDCJAC0001,66006,2013,7,38.8,Y
IDCJAC0001,66006,2013,8,17,Y
IDCJAC0001,66006,2013,9,56.2,Y
IDCJAC0001,66006,2013,10,38,Y
IDCJAC0001,66006,2013,11,197.9,Y
IDCJAC0001,66006,2013,12,37.9,Y
IDCJAC0001,66006,2014,1,20.4,Y
IDCJAC0001,66006,2014,2,62.8,Y
IDCJAC0001,66006,2014,3,128.6,Y
IDCJAC0001,66006,2014,5,39,Y
IDCJAC0001,66006,2014,6,68.6,Y
IDCJAC0001,66006,2014,7,18.9,Y
IDCJAC0001,66006,2014,8,214.2,Y
IDCJAC0001,66006,2014,9,54.8,Y
IDCJAC0001,66006,2014,10,94.2,Y
IDCJAC0001,66006,2014,11,23.7,Y
IDCJAC0001,66006,2014,12,139.7,Y
IDCJAC0001,66006,2015,1,200.6,Y
IDCJAC0001,66006,2015,2,57.7,Y
IDCJAC0001,66006,2015,4,406.1,Y
IDCJAC0001,66006,2015,5,102.5,Y
IDCJAC0001,66006,2015,6,126.3,Y
IDCJAC0001,66006,2015,7,49,Y
IDCJAC0001,66006,2015,8,94,Y
IDCJAC0001,66006,2015,9,94.1,Y
IDCJAC0001,66006,2015,10,53.1,Y
IDCJAC0001,66006,2015,11,127.9,Y
IDCJAC0001,66006,2015,12,116.8,Y
IDCJAC0001,66006,2016,1,268.2,Y
IDCJAC0001,66006,2016,2,34.2,Y
IDCJAC0001,66006,2016,3,220.8,Y
IDCJAC0001,66006,2016,4,121.1,Y
IDCJAC0001,66006,2016,5,7.9,Y
IDCJAC0001,66006,2016,6,374.8,Y
IDCJAC0001,66006,2016,7,101.8,Y
IDCJAC0001,66006,2016,8,160.9,Y
IDCJAC0001,66006,2016,9,77.8,Y
IDCJAC0001,66006,2016,10,32.1,Y
IDCJAC0001,66006,2016,11,30.2,Y
IDCJAC0001,66006,2016,12,65.5,Y
IDCJAC0001,66006,2017,1,55.6,Y
IDCJAC0001,66006,2017,2,236,Y
IDCJAC0001,66006,2017,3,340.1,Y
IDCJAC0001,66006,2017,4,84.8,Y
IDCJAC0001,66006,2017,5,34.3,Y
IDCJAC0001,66006,2017,6,207.2,Y
IDCJAC0001,66006,2017,7,14.8,Y
IDCJAC0001,66006,2017,8,26.4,Y
IDCJAC0001,66006,2017,9,0.6,Y
IDCJAC0001,66006,2017,10,61,Y
IDCJAC0001,66006,2017,11,71.8,Y
IDCJAC0001,66006,2017,12,54,Y
IDCJAC0001,66006,2018,1,44.8,Y
IDCJAC0001,66006,2018,2,102.4,Y
IDCJAC0001,66006,2018,3,121.6,Y
IDCJAC0001,66006,2018,4,26.3,Y
IDCJAC0001,66006,2018,5,26.4,Y
IDCJAC0001,66006,2018,6,206.8,Y
IDCJAC0001,66006,2018,7,13.1,Y
IDCJAC0001,66006,2018,8,15.1,Y
IDCJAC0001,66006,2018,9,55.3,Y
IDCJAC0001,66006,2018,10,156.2,Y
IDCJAC0001,66006,2018,11,175.6,Y
IDCJAC0001,66006,2018,12,102.7,Y
IDCJAC0001,66006,2019,1,54.7,N
IDCJAC0001,66006,2019,2,85.4,Y
IDCJAC0001,66006,2019,3,248.7,N
IDCJAC0001,66006,2019,4,8.2,Y
IDCJAC0001,66006,2019,5,15.4,Y
IDCJAC0001,66006,2019,6,183.3,Y
IDCJAC0001,66006,2019,7,49.3,Y
IDCJAC0001,66006,2019,8,92.1,N
IDCJAC0001,66006,2019,9,114.2,Y
IDCJAC0001,66006,2019,10,35.6,Y
IDCJAC0001,66006,2019,11,27,Y
IDCJAC0001,66006,2019,12,1.9,Y
IDCJAC0001,66006,2020,1,64.4,Y
IDCJAC0001,66006,2020,2,468.2,N
IDCJAC0001,66006,2020,3,179.1,Y
IDCJAC0001,66006,2020,4,34.8,Y
IDCJAC0001,66006,2020,5,144.9,N
IDCJAC0001,66006,2020,6,80.4,Y
IDCJAC0001,66006,2020,7,180.5,Y
IDCJAC0001,66006,2020,8,67,Y
IDCJAC0001,66006,2020,9,34.2,Y
IDCJAC0001,66006,2020,10,97.9,Y
IDCJAC0001,66006,2020,11,69.6,Y
IDCJAC0001,66006,2020,12,123.5,N
IDCJAC0001,66006,2021,1,100.5,Y
IDCJAC0001,66006,2021,2,124.1,N
IDCJAC0001,66006,2021,3,457.2,N
IDCJAC0001,66006,2021,4,14.8,Y
IDCJAC0001,66006,2021,5,64.3,Y
IDCJAC0001,66006,2021,6,87.6,Y
IDCJAC0001,66006,2021,7,39.6,Y
IDCJAC0001,66006,2021,8,87.8,Y
IDCJAC0001,66006,2021,9,50.8,N
IDCJAC0001,66006,2021,10,60.8,N
IDCJAC0001,66006,2021,11,138.7,N
IDCJAC0001,66006,2021,12,163.3,N
IDCJAC0001,66006,2022,1,155.8,N
IDCJAC0001,66006,2022,2,364.4,N
